{
  "feature_cols": [
    "vwc_20cm",
    "vwc_20cm_lag_6s",
    "vwc_20cm_lag_18s",
    "vwc_20cm_lag_36s",
    "vwc_20cm_lag_72s",
    "vwc_20cm_lag_144s",
    "vwc_20cm_roll_mean_3h",
    "vwc_20cm_roll_std_6h",
    "vwc_20cm_deriv_1h",
    "soil_temp_c",
    "air_temp_c",
    "rh_pct",
    "vpd_kpa",
    "rain_mm_h",
    "rain_mm_1h_sum",
    "rain_mm_6h_sum",
    "rain_mm_24h_sum",
    "et0_open_meteo_mm_h",
    "et0_hargreaves_mm_day",
    "etc_mm_h",
    "ra_mj_m2_day",
    "daylength_h",
    "gdd_cum",
    "kc_dynamic",
    "sin_doy",
    "cos_doy",
    "sin_hour",
    "cos_hour",
    "hours_since_last_irrigation",
    "line_id"
  ],
  "params": {
    "objective": "regression",
    "metric": "rmse",
    "num_leaves": 63,
    "max_depth": -1,
    "learning_rate": 0.05,
    "feature_fraction": 0.9,
    "bagging_fraction": 0.9,
    "bagging_freq": 5,
    "min_data_in_leaf": 20,
    "lambda_l2": 1.0,
    "verbose": -1
  },
  "horizons": {
    "1h": {
      "best_iter": 71,
      "train_seconds": 42.39,
      "train_rmse": 0.4762023878211136,
      "val_rmse": 1.701230760380163,
      "test_rmse": 0.9881495989148167,
      "val_mae": 0.6602114083063438,
      "test_mae": 0.4784247748757546,
      "val_nse": 0.8550220568841115,
      "test_nse": 0.9114945323899544,
      "n_train": 9501,
      "n_val": 2160,
      "n_test": 2574,
      "model_path": "/home/aryan/Projects/Non-DROS v2/experiments/gbdt/models/lgb_h1h.txt"
    },
    "3h": {
      "best_iter": 30,
      "train_seconds": 25.29,
      "train_rmse": 1.2763633256101459,
      "val_rmse": 3.4984346171548526,
      "test_rmse": 2.858833591685063,
      "val_mae": 1.8456206198745715,
      "test_mae": 2.156525811389166,
      "val_nse": 0.3776530389691892,
      "test_nse": 0.25735437622454005,
      "n_train": 9501,
      "n_val": 2160,
      "n_test": 2538,
      "model_path": "/home/aryan/Projects/Non-DROS v2/experiments/gbdt/models/lgb_h3h.txt"
    },
    "6h": {
      "best_iter": 128,
      "train_seconds": 64.67,
      "train_rmse": 0.27517603850610844,
      "val_rmse": 3.875308197453275,
      "test_rmse": 3.429977861495728,
      "val_mae": 1.9855132429496103,
      "test_mae": 2.883535055637103,
      "val_nse": 0.2181269175249606,
      "test_nse": -0.11854476584979512,
      "n_train": 9501,
      "n_val": 2160,
      "n_test": 2484,
      "model_path": "/home/aryan/Projects/Non-DROS v2/experiments/gbdt/models/lgb_h6h.txt"
    },
    "12h": {
      "best_iter": 126,
      "train_seconds": 61.8,
      "train_rmse": 0.25496747797590064,
      "val_rmse": 3.341605896286597,
      "test_rmse": 3.3734117012505456,
      "val_mae": 2.016691813842502,
      "test_mae": 2.8562202208536553,
      "val_nse": 0.28709652121075124,
      "test_nse": -0.22572162944984298,
      "n_train": 9501,
      "n_val": 2160,
      "n_test": 2376,
      "model_path": "/home/aryan/Projects/Non-DROS v2/experiments/gbdt/models/lgb_h12h.txt"
    },
    "24h": {
      "best_iter": 5,
      "train_seconds": 27.33,
      "train_rmse": 3.5295958540089623,
      "val_rmse": 3.6798205415143226,
      "test_rmse": 2.97255174088813,
      "val_mae": 2.3482318537684077,
      "test_mae": 2.335655508491726,
      "val_nse": -0.009308957315221411,
      "test_nse": -0.13197774419229313,
      "n_train": 9501,
      "n_val": 2160,
      "n_test": 2160,
      "model_path": "/home/aryan/Projects/Non-DROS v2/experiments/gbdt/models/lgb_h24h.txt"
    }
  },
  "total_seconds": 221.74
}