{
  "feature_cols": [
    "vwc_20cm",
    "vwc_20cm_lag_6s",
    "vwc_20cm_lag_18s",
    "vwc_20cm_lag_36s",
    "vwc_20cm_lag_72s",
    "vwc_20cm_lag_144s",
    "vwc_20cm_roll_mean_3h",
    "vwc_20cm_roll_std_6h",
    "vwc_20cm_deriv_1h",
    "soil_temp_c",
    "air_temp_c",
    "rh_pct",
    "vpd_kpa",
    "rain_mm_h",
    "rain_mm_1h_sum",
    "rain_mm_6h_sum",
    "rain_mm_24h_sum",
    "et0_open_meteo_mm_h",
    "et0_hargreaves_mm_day",
    "etc_mm_h",
    "ra_mj_m2_day",
    "daylength_h",
    "gdd_cum",
    "kc_dynamic",
    "sin_doy",
    "cos_doy",
    "sin_hour",
    "cos_hour",
    "hours_since_last_irrigation",
    "line_id"
  ],
  "params": {
    "objective": "reg:squarederror",
    "eval_metric": "rmse",
    "max_depth": 6,
    "learning_rate": 0.05,
    "subsample": 0.9,
    "colsample_bytree": 0.9,
    "min_child_weight": 5,
    "reg_lambda": 1.0,
    "tree_method": "hist",
    "n_jobs": -1
  },
  "horizons": {
    "1h": {
      "best_iter": 53,
      "train_seconds": 16.6,
      "train_rmse": 0.5335692697840201,
      "val_rmse": 1.8765657470980834,
      "test_rmse": 1.1721029192545305,
      "val_mae": 0.771897441652086,
      "test_mae": 0.6795757475099364,
      "val_nse": 0.8235981845967969,
      "test_nse": 0.8754751008206206,
      "n_train": 9501,
      "n_val": 2160,
      "n_test": 2574,
      "model_path": "/home/aryan/Projects/Non-DROS v2/experiments/gbdt/models/xgb_h1h.json"
    },
    "3h": {
      "best_iter": 26,
      "train_seconds": 14.59,
      "train_rmse": 1.5238837935427554,
      "val_rmse": 3.581722345648055,
      "test_rmse": 2.854506679671447,
      "val_mae": 2.0166908608542546,
      "test_mae": 2.1332457016808863,
      "val_nse": 0.34766770064581987,
      "test_nse": 0.259600698312646,
      "n_train": 9501,
      "n_val": 2160,
      "n_test": 2538,
      "model_path": "/home/aryan/Projects/Non-DROS v2/experiments/gbdt/models/xgb_h3h.json"
    },
    "6h": {
      "best_iter": 128,
      "train_seconds": 26.7,
      "train_rmse": 0.36140477474527455,
      "val_rmse": 3.9263277651203743,
      "test_rmse": 2.9586730916284383,
      "val_mae": 2.1501525445161045,
      "test_mae": 2.296522931975827,
      "val_nse": 0.19740422306982564,
      "test_nse": 0.167729119279158,
      "n_train": 9501,
      "n_val": 2160,
      "n_test": 2484,
      "model_path": "/home/aryan/Projects/Non-DROS v2/experiments/gbdt/models/xgb_h6h.json"
    },
    "12h": {
      "best_iter": 103,
      "train_seconds": 23.29,
      "train_rmse": 0.4219226397350661,
      "val_rmse": 3.3022053838271836,
      "test_rmse": 2.8707456904181643,
      "val_mae": 2.147607698581837,
      "test_mae": 2.0154071526896673,
      "val_nse": 0.3038089448121931,
      "test_nse": 0.11234828013065967,
      "n_train": 9501,
      "n_val": 2160,
      "n_test": 2376,
      "model_path": "/home/aryan/Projects/Non-DROS v2/experiments/gbdt/models/xgb_h12h.json"
    },
    "24h": {
      "best_iter": 7,
      "train_seconds": 7.94,
      "train_rmse": 3.2184881934797573,
      "val_rmse": 3.652603947390383,
      "test_rmse": 3.008226030070497,
      "val_mae": 2.199259696783843,
      "test_mae": 2.462371939023336,
      "val_nse": 0.005565880004013923,
      "test_nse": -0.15931104222104797,
      "n_train": 9501,
      "n_val": 2160,
      "n_test": 2160,
      "model_path": "/home/aryan/Projects/Non-DROS v2/experiments/gbdt/models/xgb_h24h.json"
    }
  },
  "total_seconds": 90.24
}