{
  "mu": 25.252846534653468,
  "sigma": 4.3140088934572915,
  "lower_limit_standard": 23.095842087924822,
  "upper_limit_standard": 27.409850981382114,
  "critical_limit": 20.938837641196177,
  "recession_lookback_steps": 12,
  "max_slow_drainage_drop": -0.5,
  "class_counts": {
    "0": 2595,
    "1": 8641,
    "2": 5086,
    "3": 91
  }
}